{
    "tolerances": { "model_tolerance": 0.001 },
    "version_number": 1,
    "breps": [
      {
        "brep_id": 1,
        "faces": [
          {
            "brep_id": 2,
            "swapped_surface_normal": false,
            "surface": {
              "is_trimmed": true,
              "is_rational": false,
              "degrees": [ 1, 1 ],
              "knot_vectors": [
                [ 0, 0, 1, 1 ],
                [ 0, 0, 1, 1 ]
              ],
              "control_points": [
                [
                  1,
                  [ 0, 0, 0, 1 ]
                ],
                [
                  2,
                  [ 1, 0, 0, 1 ]
                ],
                [
                  3,
                  [ 0, 1, 0, 1 ]
                ],
                [
                  4,
                  [ 1, 1, 0, 1 ]
                ]
              ]
            },
            "boundary_loops": [
              {
                "loop_type": "outer",
                "trimming_curves": [
                  {
                    "trim_index": 0,
                    "curve_direction": true,
                    "parameter_curve": {
                      "is_rational": false,
                      "degree": 1,
                      "knot_vector": [ 0, 0, 1, 1 ],
                      "active_range": [ 0, 1 ],
                      "control_points": [
                        [
                          5,
                          [ 0, 0, 0, 1 ]
                        ],
                        [
                          6,
                          [ 1, 0, 0, 1 ]
                        ]
                      ]
                    }
                  },
                  {
                    "trim_index": 1,
                    "curve_direction": true,
                    "parameter_curve": {
                      "is_rational": false,
                      "degree": 1,
                      "knot_vector": [ 0, 0, 1, 1 ],
                      "active_range": [ 0, 1 ],
                      "control_points": [
                        [
                          7,
                          [ 1, 0, 0, 1 ]
                        ],
                        [
                          8,
                          [ 1, 1, 0, 1 ]
                        ]
                      ]
                    }
                  },
                  {
                    "trim_index": 2,
                    "curve_direction": true,
                    "parameter_curve": {
                      "is_rational": false,
                      "degree": 1,
                      "knot_vector": [ 0, 0, 1, 1 ],
                      "active_range": [ 0, 1 ],
                      "control_points": [
                        [
                          9,
                          [ 1, 1, 0, 1 ]
                        ],
                        [
                          10,
                          [ 0, 1, 0, 1 ]
                        ]
                      ]
                    }
                  },
                  {
                    "trim_index": 3,
                    "curve_direction": true,
                    "parameter_curve": {
                      "is_rational": false,
                      "degree": 1,
                      "knot_vector": [ 0, 0, 1, 1 ],
                      "active_range": [ 0, 1 ],
                      "control_points": [
                        [
                          11,
                          [ 0, 1, 0, 1 ]
                        ],
                        [
                          12,
                          [ 0, 0, 0, 1 ]
                        ]
                      ]
                    }
                  }
                ]
              },
              {
                "loop_type": "inner",
                "trimming_curves": [
                  {
                    "trim_index": 4,
                    "curve_direction": true,
                    "parameter_curve": {
                      "is_rational": true,
                      "degree": 2,
                      "knot_vector": [ -1.5707963267948966, -1.5707963267948966, -1.5707963267948966, -1.1780972450961724, -1.1780972450961724, -0.78539816339744828, -0.78539816339744828, -0.39269908169872414, -0.39269908169872414, 0, 0, 0 ],
                      "active_range": [ -1.5707963267948966, 0 ],
                      "control_points": [
                        [
                          13,
                          [ 0.75, 0.5, 0, 1 ]
                        ],
                        [
                          14,
                          [ 0.75, 0.24999999999999994, 0, 0.70710678118654757 ]
                        ],
                        [
                          15,
                          [ 0.49999999999999994, 0.25, 0, 1 ]
                        ],
                        [
                          16,
                          [ 0.24999999999999994, 0.25, 0, 0.70710678118654757 ]
                        ],
                        [
                          17,
                          [ 0.25, 0.5, 0, 1 ]
                        ],
                        [
                          18,
                          [ 0.25, 0.75, 0, 0.70710678118654757 ]
                        ],
                        [
                          19,
                          [ 0.5, 0.75, 0, 1 ]
                        ],
                        [
                          20,
                          [ 0.75, 0.75, 0, 0.70710678118654757 ]
                        ],
                        [
                          21,
                          [ 0.75, 0.5, 0, 1 ]
                        ]
                      ]
                    }
                  }
                ]
              }
            ],
            "embedded_loops": [],
            "embedded_edges": [],
            "embedded_points": []
          }
        ],
        "edges": [
          {
            "brep_id": 3,
            "3d_curve": {
              "degree": 1,
              "knot_vector": [ 0, 0, 1, 1 ],
              "active_range": [ 0, 1 ],
              "control_points": [
                [
                  22,
                  [ 0, 0, 0, 1 ]
                ],
                [
                  23,
                  [ 1, 0, 0, 1 ]
                ]
              ]
            },
            "topology": [
              {
                "brep_id": 2,
                "trim_index": 0,
                "relative_direction": true
              }
            ]
          },
          {
            "brep_id": 4,
            "3d_curve": {
              "degree": 1,
              "knot_vector": [ 0, 0, 1, 1 ],
              "active_range": [ 0, 1 ],
              "control_points": [
                [
                  24,
                  [ 1, 0, 0, 1 ]
                ],
                [
                  25,
                  [ 1, 1, 0, 1 ]
                ]
              ]
            },
            "topology": [
              {
                "brep_id": 2,
                "trim_index": 1,
                "relative_direction": true
              }
            ]
          },
          {
            "brep_id": 5,
            "3d_curve": {
              "degree": 1,
              "knot_vector": [ -1, -1, 0, 0 ],
              "active_range": [ -1, 0 ],
              "control_points": [
                [
                  26,
                  [ 1, 1, 0, 1 ]
                ],
                [
                  27,
                  [ 0, 1, 0, 1 ]
                ]
              ]
            },
            "topology": [
              {
                "brep_id": 2,
                "trim_index": 2,
                "relative_direction": true
              }
            ]
          },
          {
            "brep_id": 6,
            "3d_curve": {
              "degree": 1,
              "knot_vector": [ -1, -1, 0, 0 ],
              "active_range": [ -1, 0 ],
              "control_points": [
                [
                  28,
                  [ 0, 1, 0, 1 ]
                ],
                [
                  29,
                  [ 0, 0, 0, 1 ]
                ]
              ]
            },
            "topology": [
              {
                "brep_id": 2,
                "trim_index": 3,
                "relative_direction": true
              }
            ]
          },
          {
            "brep_id": 7,
            "3d_curve": {
              "degree": 2,
              "knot_vector": [ -1.5707963267948966, -1.5707963267948966, -1.5707963267948966, -1.1780972450961724, -1.1780972450961724, -0.78539816339744828, -0.78539816339744828, -0.39269908169872414, -0.39269908169872414, 0, 0, 0 ],
              "active_range": [ -1.5707963267948966, 0 ],
              "control_points": [
                [
                  30,
                  [ 0.75, 0.49999999999999994, 0, 1 ]
                ],
                [
                  31,
                  [ 0.75, 0.24999999999999994, 0, 0.70710678118654757 ]
                ],
                [
                  32,
                  [ 0.49999999999999994, 0.25, 0, 1 ]
                ],
                [
                  33,
                  [ 0.24999999999999994, 0.25, 0, 0.70710678118654757 ]
                ],
                [
                  34,
                  [ 0.25, 0.5, 0, 1 ]
                ],
                [
                  35,
                  [ 0.25, 0.75, 0, 0.70710678118654757 ]
                ],
                [
                  36,
                  [ 0.5, 0.75, 0, 1 ]
                ],
                [
                  37,
                  [ 0.75, 0.75, 0, 0.70710678118654757 ]
                ],
                [
                  38,
                  [ 0.75, 0.49999999999999994, 0, 1 ]
                ]
              ]
            },
            "topology": [
              {
                "brep_id": 2,
                "trim_index": 4,
                "relative_direction": true
              }
            ]
          }
        ],
        "vertices": []
      }
    ]
  }
  