{
  "element_condition_list": [
    {
      "brep_ids": [ 2 ],
      "geometry_type": "GeometrySurface",
      "iga_model_part": "IgaBackgroundMeshModelPart",
      "parameters": {
        "type": "element",
        "name": "LaplacianIGAElement",
        "shape_function_derivatives_order": 3,
        "variables": [
          {
            "variable_name" : "HEAT_FLUX",
            "value": "2.0 * pi**2 * sin(pi*x) * cos(pi*y)"
          }
        ]
      }},
      {
      "brep_ids": [3, 4, 5, 6, 7],
      "geometry_type": "SurfaceEdge",
      "iga_model_part": "ExternalSupportNitsche",
      "parameters": {
        "type": "condition",
        "name": "SupportLaplacianCondition",
        "boundary_condition_type": "DIRICHLET",
        "shape_function_derivatives_order": 6,
        "variables": [
          {
            "variable_name"   : "TEMPERATURE",
            "value"           : "sin(pi*x)*cos(pi*y)"
          }
        ],
        "is_inner" : false
      }
    }]
}
